id,name,image_url,created_at
18f3f9d6-e260-414e-9e2f-9bf16268bc9f,Zoo,https://world.gowalla.com/tags/zoo--x128.pnga,2020-11-13T23:59:15.789Z
ee9bf48c-a9f3-44cd-80e2-331033a6bb1f,Afghan Food,https://world.gowalla.com/tags/afghan_food--x128.png,2020-11-13T23:59:15.789Z
c49bf871-a5d2-4eb1-bdd1-1b8bd78904f6,Airport,,2020-11-13T23:59:15.789Z
fa5d41fb-ecff-4130-a8d3-cb0acdd1bc67,Airport Gate,,2020-11-13T23:59:15.789Z
d462e93e-f8db-464b-b13f-8c8344aa73aa,Airport Lounge,,2020-11-13T23:59:15.789Z
7a8b69b0-477d-4659-9ef9-c6c3aa55e464,Airport Terminal,,2020-11-13T23:59:15.789Z
391e7cec-47e7-4070-acf7-6076a8529193,Airport Tram,,2020-11-13T23:59:15.789Z
458449d2-582e-4c7a-bd55-5e5ca34a1734,American Food,https://world.gowalla.com/tags/american_food--x128.png,2020-11-13T23:59:15.789Z
a32c684a-d580-49e0-b1fb-2b870beb1ca3,Amphitheater,https://world.gowalla.com/tags/amphitheater--x128.png,2020-11-13T23:59:15.789Z
4efc3906-e285-4a28-a324-777cd198fe51,Truck Stop,https://world.gowalla.com/tags/truck_stop--x128.png,2020-11-13T23:59:15.789Z
0f245659-0031-4940-a4fd-bb900d50901b,Tunnel,,2020-11-13T23:59:15.789Z
f1451b0c-96a7-4098-971a-948865fa951e,University,https://world.gowalla.com/tags/university--x128.png,2020-11-13T23:59:15.789Z
c56236ec-6757-4c03-ac66-bc3ad16181b1,Vegan,https://world.gowalla.com/tags/vegan--x128.png,2020-11-13T23:59:15.789Z
676aa0a2-5b1a-4cec-92cc-28dec278e0f2,Vegetarian,https://world.gowalla.com/tags/vegetarian--x128.png,2020-11-13T23:59:15.789Z
339722f2-74ab-4930-b8d2-f14a65ddecdc,Vietnamese Food,,2020-11-13T23:59:15.789Z
828f0d08-570b-4cf3-a6d5-6c1e8ac153c5,Village,https://world.gowalla.com/tags/village--x128.png,2020-11-13T23:59:15.789Z
516b1184-ebc6-48e0-93df-77fc72702f80,Vineyard,https://world.gowalla.com/tags/vineyard--x128.png,2020-11-13T23:59:15.789Z
baa294de-f9bb-432a-bd13-60529c66f0fc,Vintage Store,,2020-11-13T23:59:15.789Z
d54cbd60-1ab9-4cf1-8bd6-1376ff28892d,Volcano,https://world.gowalla.com/tags/volcano--x128.png,2020-11-13T23:59:15.789Z
0bac4970-56db-49a2-878b-be31c88b3d08,Volleyball Court,https://world.gowalla.com/tags/volleyball_court--x128.png,2020-11-13T23:59:15.789Z
5b0b0f06-8941-4e03-bf41-215f398ee40e,Watches,,2020-11-13T23:59:15.789Z
9ce4c70c-7ada-455d-96db-270363dad9d0,Waterfall,https://world.gowalla.com/tags/waterfall--x128.png,2020-11-13T23:59:15.789Z
c46a2a60-ea28-47f4-9f01-fb648ccd20b3,Water Park,https://world.gowalla.com/tags/water_park--x128.png,2020-11-13T23:59:15.789Z
b7ef3331-a157-4cd9-808d-889449f1c23e,Well,https://world.gowalla.com/tags/well--x128.png,2020-11-13T23:59:15.789Z
20d5c335-8613-4fda-aae8-8368be3e3db1,Whisky Bar,https://world.gowalla.com/tags/whiskey_bar--x128.png,2020-11-13T23:59:15.789Z
5de90fb6-7144-4b7f-af67-c1ddd6a16b6c,Windmill,https://world.gowalla.com/tags/windmill_1--x128.png,2020-11-13T23:59:15.789Z
767ddb4a-0097-4481-8e9a-7df10c3afb21,Wine Bar,https://world.gowalla.com/tags/wine_bar--x128.png,2020-11-13T23:59:15.789Z
d130c7ab-aa8e-4a44-aa50-3976b9a8975f,Wine Shop,,2020-11-13T23:59:15.789Z
0b0d4e3d-5df1-4096-898c-0f689dceba79,Wings,https://world.gowalla.com/tags/wings--x128.png,2020-11-13T23:59:15.789Z
5d2b90a1-62d6-4b6f-94ec-9783388566f0,Women's Store,,2020-11-13T23:59:15.789Z
2b40b714-c84e-49ce-bf80-afc1f9c80417,Yoga Studio,https://world.gowalla.com/tags/yoga_studio--x128.png,2020-11-13T23:59:15.789Z
37b00079-432d-4f29-8e11-1bd5b49ceb24,Accessories,https://world.gowalla.com/tags/accessories--x128.png,2020-11-13T23:59:15.789Z
b87de22b-64e4-412c-a774-1e3dfbe49d2a,Aquarium,https://world.gowalla.com/tags/aquarium--x128.png,2020-11-13T23:59:15.789Z
171cf545-39d1-4e5d-afca-96d279ada026,Arboretum,https://world.gowalla.com/tags/arboretum--x128.png,2020-11-13T23:59:15.789Z
c495d50b-356a-43a0-82ac-8d08f59f21be,Arcade,https://world.gowalla.com/tags/arcade--x128.png,2020-11-13T23:59:15.789Z
ba8d817a-803d-40af-816c-bf89a11e2d93,Arepas,https://world.gowalla.com/tags/arepas--x128.png,2020-11-13T23:59:15.789Z
30ee3776-8526-4b1e-a39a-457ae509312c,Argentinian Food,https://world.gowalla.com/tags/argentinian_food--x128.png,2020-11-13T23:59:15.789Z
f1456e98-9b42-4a7e-b547-524017561763,Art Gallery,https://world.gowalla.com/tags/art_gallery--x128.png,2020-11-13T23:59:15.789Z
b57b2f3b-882b-4d96-afda-2f851b432f6d,Art Museum,,2020-11-13T23:59:15.789Z
326caaec-d166-4873-a9e9-e5e0a8598743,Arts & Crafts Store,https://world.gowalla.com/tags/arts_and_crafts_store--x128.png,2020-11-13T23:59:15.789Z
a9dfdd68-b1f2-45da-b994-baa82fe1653b,Asian Food,https://world.gowalla.com/tags/asian_restaurant--x128.png,2020-11-13T23:59:15.789Z
3f607e7f-52d7-464a-b7f1-510b3614dce7,ATM,https://world.gowalla.com/tags/atm--x128.png,2020-11-13T23:59:15.789Z
12177e48-69c4-45eb-9245-e48f9adc793a,Austrian Food,https://world.gowalla.com/tags/austrian_food--x128.png,2020-11-13T23:59:15.789Z
d20e684f-9e2e-48c0-89ff-4265c20911ae,Auto Body Shop,https://world.gowalla.com/tags/auto_body_shop--x128.png,2020-11-13T23:59:15.789Z
58179538-133e-4684-a217-4d7a42f2cf43,Auto Dealer,https://world.gowalla.com/tags/auto_dealer--x128.png,2020-11-13T23:59:15.789Z
1523e2d9-0a27-4a8e-b8d8-864ea718faac,Auto Garage,https://world.gowalla.com/tags/auto_garage--x128.png,2020-11-13T23:59:15.789Z
bc0b3a5d-02db-49d1-91b9-1f4f4cfc6eb5,Baby Store,https://world.gowalla.com/tags/baby_store--x128.png,2020-11-13T23:59:15.789Z
bda5d728-ec3b-431f-80b6-b7244f9d3d83,Bagels,https://world.gowalla.com/tags/bagel_shop--x128.png,2020-11-13T23:59:15.789Z
b98a1b85-b773-423c-9788-b2f1869f938e,Baggage Claim,,2020-11-13T23:59:15.789Z
fcf9d344-b6e0-4b91-a70a-1df64806bbb2,Baggage Locker,,2020-11-13T23:59:15.789Z
dab4fff5-a19b-449d-ae07-c65d3deae016,Bakery,https://world.gowalla.com/tags/bakery--x128.png,2020-11-13T23:59:15.789Z
085bde5c-724e-47bb-89de-e46873449c3f,Bank,,2020-11-13T23:59:15.789Z
3f89ef96-609c-4ee9-8a5a-fa29d08db9bb,Bar,https://world.gowalla.com/tags/bar--x128.png,2020-11-13T23:59:15.789Z
e67dfbd6-3782-48ac-ba1e-444a8a83ea38,Baseball Field,https://world.gowalla.com/tags/baseball_field--x128.png,2020-11-13T23:59:15.789Z
8775e5fc-dd2d-4761-9423-b579c77daa4d,Baseball Stadium,https://world.gowalla.com/tags/baseball_stadium--x128.png,2020-11-13T23:59:15.789Z
dabd28ca-a473-4161-9551-9f9687efd2c9,Basketball Arena,https://world.gowalla.com/tags/basketball_arena--x128.png,2020-11-13T23:59:15.789Z
87023b66-17f9-4b2b-b3c5-41c693db6a7b,Basketball Court,https://world.gowalla.com/tags/basketball_court_1--x128.png,2020-11-13T23:59:15.789Z
4c962327-ba52-4a68-b3e0-9f58939158dc,Bath House,https://world.gowalla.com/tags/bath_house--x128.png,2020-11-13T23:59:15.789Z
1a7fcc53-bb53-492f-a0c4-dfb8817869d4,Bay,,2020-11-13T23:59:15.789Z
e770ef6d-0cf4-4161-8993-66ea16ad7754,BBQ,https://world.gowalla.com/tags/bbq--x128.png,2020-11-13T23:59:15.789Z
6de2cb84-c8e7-467e-9d69-09618d1931d8,Beach,https://world.gowalla.com/tags/beach--x128.png,2020-11-13T23:59:15.789Z
a21d29fa-4a8e-4e98-9aa8-44cbe1c3f5d4,Bed & Breakfast,,2020-11-13T23:59:15.789Z
db5d0b20-0d3d-4bd9-86c0-b12f5c2d9d5e,Beer Garden,https://world.gowalla.com/tags/beer_garden--x128.png,2020-11-13T23:59:15.789Z
59cd7ef7-7e87-41fd-899d-6063748242c9,Belgian Food,https://world.gowalla.com/tags/belgian_food--x128.png,2020-11-13T23:59:15.789Z
e0e98be4-93f6-4ba4-a561-17dfc5ae3c25,Bike Rental,,2020-11-13T23:59:15.789Z
915ef871-b09b-4c64-8f5c-0b7747cd2b38,Bike Share,,2020-11-13T23:59:15.789Z
59105515-d2cd-4424-a67f-1cebb04c39f3,Bike Shop,https://world.gowalla.com/tags/bike_shop--x128.png,2020-11-13T23:59:15.789Z
83bdd310-cb8e-4840-93b7-bc7666cef519,Bike Trail,https://world.gowalla.com/tags/bike_trail--x128.png,2020-11-13T23:59:15.789Z
e2bf8f20-f8fe-48df-b254-7e1e1a2f4d74,Bistro,https://world.gowalla.com/tags/bistro--x128.png,2020-11-13T23:59:15.789Z
15b7e59e-aa99-433f-9355-6a800c6adb0f,Bocce Court,https://world.gowalla.com/tags/bocce_court--x128.png,2020-11-13T23:59:15.789Z
f3004b4a-5320-4371-97f9-1fe082a8cd94,Book Store,https://world.gowalla.com/tags/book_store--x128.png,2020-11-13T23:59:15.789Z
4902e801-a95f-43a6-9a12-97ddc60ed422,Border Crossing,,2020-11-13T23:59:15.789Z
9aa53b02-946f-4c07-b1ec-4f5f5a9c9673,Botanical Garden,https://world.gowalla.com/tags/botanical_garden--x128.png,2020-11-13T23:59:15.789Z
30044ef3-2f66-4800-b050-0a9ce34c57f0,Boutique,https://world.gowalla.com/tags/boutique--x128.png,2020-11-13T23:59:15.789Z
d7c100bf-f6fb-4696-a110-240cc5c6bfbe,Bowling Alley,https://world.gowalla.com/tags/bowling--x128.png,2020-11-13T23:59:15.789Z
04c157ad-f59b-4b1e-8a7f-37d0df841ebe,Boxing Gym,https://world.gowalla.com/tags/boxing_gym--x128.png,2020-11-13T23:59:15.789Z
560ed784-98cc-4064-a59f-74284ffbbf11,Brazilian Food,,2020-11-13T23:59:15.789Z
0f8d5db2-da11-4afc-abba-d049eb86304e,Breakfast,https://world.gowalla.com/tags/breakfast_1--x128.png,2020-11-13T23:59:15.789Z
0403fec8-016b-4186-aa5c-58d52198b95c,Brewery,https://world.gowalla.com/tags/brewery--x128.png,2020-11-13T23:59:15.789Z
8653b8c9-b6fa-450a-b68e-d0dd2a36184c,Bridge,https://world.gowalla.com/tags/bridge_1--x128.png,2020-11-13T23:59:15.789Z
6c780d36-9ddc-4663-ac24-b9967df327ac,Bubble Tea,https://world.gowalla.com/tags/bubble_tea--x128.png,2020-11-13T23:59:15.789Z
bc534a9f-80e2-44a2-88e7-40f30f9e791a,Buddhist Temple,https://world.gowalla.com/tags/buddhist_temple--x128.png,2020-11-13T23:59:15.789Z
edfbaad5-c994-4fa5-bd5b-2017cd41b3a5,Burgers,https://world.gowalla.com/tags/burgers--x128.png,2020-11-13T23:59:15.789Z
a6652d12-943c-47a1-9045-38cedf5d4feb,Burritos,https://world.gowalla.com/tags/burrito--x128.png,2020-11-13T23:59:15.789Z
29de602e-df1b-4463-ba16-e44fbd0b65e2,Bus Station,,2020-11-13T23:59:15.789Z
d2325f89-0431-42f5-bc15-4084eb395592,Bus Stop,,2020-11-13T23:59:15.789Z
22dbb193-3082-4a81-a146-2fb6e1029f06,Butcher,https://world.gowalla.com/tags/butcher--x128.png,2020-11-13T23:59:15.789Z
82844c8f-1da9-41ef-90d8-6f30bd779e4a,Cable Car,,2020-11-13T23:59:15.789Z
9be15241-ef96-422d-b89b-68eb81a76e2f,Cafe,https://world.gowalla.com/tags/cafe--x128.png,2020-11-13T23:59:15.789Z
96d806d7-a2a8-4ed0-9d1f-09bf7177ad6c,Cafeteria,https://world.gowalla.com/tags/cafeteria--x128.png,2020-11-13T23:59:15.789Z
c5baea6c-d4e9-4915-9d88-ac3aa87e9b09,Cajun Food,https://world.gowalla.com/tags/cajun_food--x128.png,2020-11-13T23:59:15.789Z
fc0ca3aa-9b14-4ed8-a1c3-680cff54ed6b,Campground,https://world.gowalla.com/tags/campground--x128.png,2020-11-13T23:59:15.789Z
0b4fb362-ebe5-4074-88a1-bb41ccc5afb5,Canal,,2020-11-13T23:59:15.789Z
6ad05bde-7b68-46b1-b534-6b1f5a242b9b,Candy Store,https://world.gowalla.com/tags/candy_store--x128.png,2020-11-13T23:59:15.789Z
e3db3dee-b554-4466-a6dd-507245172a7c,Capitol Building,,2020-11-13T23:59:15.789Z
395e2a06-84b0-46ab-ae15-12392ef53c9e,Casino,https://world.gowalla.com/tags/casino--x128.png,2020-11-13T23:59:15.789Z
a4e7b597-cd8c-4d22-a667-c92262dcdf43,Castle,https://world.gowalla.com/tags/castle--x128.png,2020-11-13T23:59:15.789Z
ad2ef6ae-127e-4564-983c-70456167b7bf,Cave,https://world.gowalla.com/tags/cave--x128.png,2020-11-13T23:59:15.789Z
0ac99606-af4a-4192-b40f-e96a7b6b6092,Cemetary,https://world.gowalla.com/tags/cemetery--x128.png,2020-11-13T23:59:15.789Z
a6002795-9c25-4902-aa26-2ab57e8dacaa,Cheese Shop,https://world.gowalla.com/tags/cheese_shop--x128.png,2020-11-13T23:59:15.789Z
63707de0-7616-44cb-ac03-4d5e1f984218,Children's Museum,https://world.gowalla.com/tags/childrens_museum--x128.png,2020-11-13T23:59:15.789Z
cada2bf8-0ce7-4bcd-bd00-0d2b05629625,Chinese Restaurant,https://world.gowalla.com/tags/chinese_food--x128.png,2020-11-13T23:59:15.789Z
42689595-b67b-4bac-8cab-5b0968e3fc60,Chocolate Shop,https://world.gowalla.com/tags/chocolate_shop--x128.png,2020-11-13T23:59:15.789Z
283cce92-2196-4712-8e60-6bcdc6aa513e,Church,https://world.gowalla.com/tags/church--x128.png,2020-11-13T23:59:15.789Z
189db911-8d34-4b18-92da-864c1e264883,Churrascaria,https://world.gowalla.com/tags/churrascaria--x128.png,2020-11-13T23:59:15.789Z
25980575-fe89-4ea7-906c-94a6a850e3d5,City,https://world.gowalla.com/tags/city--x128.png,2020-11-13T23:59:15.789Z
bc109263-044b-4c09-bd15-d3d5ea2aa52d,City Hall,https://world.gowalla.com/tags/city_hall--x128.png,2020-11-13T23:59:15.789Z
8c8e17c2-1c89-4863-83c5-285a0b69a2d0,Climbing Gym,https://world.gowalla.com/tags/climbing_gym--x128.png,2020-11-13T23:59:15.789Z
5150576f-6cfa-4ed6-b36c-349851795f32,Clothing Store,https://world.gowalla.com/tags/clothing_store--x128.png,2020-11-13T23:59:15.789Z
b7c35e79-d01b-4e76-8b62-669ac2ee0bcd,Cocktails,https://world.gowalla.com/tags/cocktails--x128.png,2020-11-13T23:59:15.789Z
a8dd4edd-ccd3-4125-b82b-811c255411ab,Coffee Shop,https://world.gowalla.com/tags/coffee_shop--x128.png,2020-11-13T23:59:15.789Z
a7c1368f-030d-4e10-a56e-85141a608285,College,https://world.gowalla.com/tags/college--x128.png,2020-11-13T23:59:15.789Z
85c8eeab-c4ca-4907-a77f-6dcb29b89f64,College Library,https://world.gowalla.com/tags/college_library--x128.png,2020-11-13T23:59:15.789Z
20c23729-e611-4a62-aed3-e42612603c42,College Quad,https://world.gowalla.com/tags/college_quad--x128.png,2020-11-13T23:59:15.789Z
cd686cd9-f691-4668-bc06-6c543dd252ea,College Stadium,https://world.gowalla.com/tags/college_stadium--x128.png,2020-11-13T23:59:15.789Z
1d13b8c6-2e84-43f9-939c-8cd8c102b3e9,Colombian Food,https://world.gowalla.com/tags/colombian_food--x128.png,2020-11-13T23:59:15.789Z
d2b96e1c-d764-4dd1-a586-93970ac2a369,Comics,https://world.gowalla.com/tags/comics_1--x128.png,2020-11-13T23:59:15.789Z
943675b5-8a97-43fb-a914-c161c26c03e2,Community Center,https://world.gowalla.com/tags/community_center--x128.png,2020-11-13T23:59:15.789Z
c4245e96-a3b8-4a6a-be64-19d1562e2e17,Community College,https://world.gowalla.com/tags/community_college--x128.png,2020-11-13T23:59:15.789Z
9b007e8b-ad65-40ca-bd19-0a8cd5331c84,Convention Center,https://world.gowalla.com/tags/convention_center--x128.png,2020-11-13T23:59:15.789Z
8b088d3e-564c-4816-bf82-c1cbee421060,Cooking School,https://world.gowalla.com/tags/cooking_school--x128.png,2020-11-13T23:59:15.789Z
965165d4-80b9-42c9-a846-bac1cfd70484,Country,https://world.gowalla.com/tags/country--x128.png,2020-11-13T23:59:15.789Z
cfdd0454-d274-49af-bfb6-db58ef70542d,County,https://world.gowalla.com/tags/county--x128.png,2020-11-13T23:59:15.789Z
cf6eb7b2-b537-482f-81d5-941ecda6a4a4,Courthouse,https://world.gowalla.com/tags/courthouse--x128.png,2020-11-13T23:59:15.789Z
08321b5a-371f-406f-b65c-8e4750fe05a3,Croquet Green,https://world.gowalla.com/tags/croquet_green--x128.png,2020-11-13T23:59:15.789Z
44a3be73-5b26-4f2b-8cb5-99032e5f0a4d,Cross Fit,https://world.gowalla.com/tags/cross_fit--x128.png,2020-11-13T23:59:15.789Z
b8070f1b-46f0-46d6-98fd-505ac8c0d621,Cultural Center,https://world.gowalla.com/tags/cultural_center--x128.png,2020-11-13T23:59:15.789Z
c297d97f-3b69-4fd2-807b-44af268bebf6,Cycling,https://world.gowalla.com/tags/cycling--x128.png,2020-11-13T23:59:15.789Z
0608eef0-24b5-4bd9-9e99-6723b9b61724,Dancehall,https://world.gowalla.com/tags/dance_hall--x128.png,2020-11-13T23:59:15.789Z
052e3104-f867-4798-bc10-22ee808491d0,Deli,https://world.gowalla.com/tags/deli--x128.png,2020-11-13T23:59:15.789Z
db832477-dfc9-415f-8407-eadbfb7ad3f5,Design Studio,https://world.gowalla.com/tags/design_studio--x128.png,2020-11-13T23:59:15.789Z
aed33fb9-746b-41ed-a691-00f617ba210b,Dessert,https://world.gowalla.com/tags/desserts--x128.png,2020-11-13T23:59:15.789Z
6d4e1af5-d783-4783-91b2-a92a49de18ff,Dim Sum,https://world.gowalla.com/tags/dim_sum--x128.png,2020-11-13T23:59:15.789Z
403a9bca-bdec-46a0-932d-5ea316c92c5a,Diner,https://world.gowalla.com/tags/diner--x128.png,2020-11-13T23:59:15.789Z
87bcd740-e764-423f-be58-e41dc32f67af,Distillery,https://world.gowalla.com/tags/distillery--x128.png,2020-11-13T23:59:15.789Z
db690b92-9463-4ac5-938d-ea4069ff8fa4,Dive Bar,https://world.gowalla.com/tags/dive_bar--x128.png,2020-11-13T23:59:15.789Z
0c1963df-fc50-4a44-aa00-5348ac1310b3,Dog Park,https://world.gowalla.com/tags/dog_park--x128.png,2020-11-13T23:59:15.789Z
bb60b33b-7ab8-4f40-83e5-ba04371710bb,Donuts,https://world.gowalla.com/tags/donuts--x128.png,2020-11-13T23:59:15.789Z
21745a6c-4063-4215-99fd-7382df5bea47,Drugstore,,2020-11-13T23:59:15.789Z
b5e4367c-02bc-433f-a8c9-bf1df0cf0d3b,Elementary School,https://world.gowalla.com/tags/elementary_school--x128.png,2020-11-13T23:59:15.789Z
d66b8073-cfca-464f-b50d-3fb75befcf52,Embassy,https://world.gowalla.com/tags/embassy--x128.png,2020-11-13T23:59:15.789Z
4cbb9e04-3e51-443c-b513-933ba8023c53,Empanadas,https://world.gowalla.com/tags/empanadas_2--x128.png,2020-11-13T23:59:15.789Z
31d213dc-05b6-4b80-bb90-90ebbc2fcac0,EV Charging Station,,2020-11-13T23:59:15.789Z
39507f59-35f4-4c8a-b8aa-640cee736028,Fabric Shop,,2020-11-13T23:59:15.789Z
23375354-5853-46f3-b9df-cc9658c8872f,Falafel,https://world.gowalla.com/tags/falafel--x128.png,2020-11-13T23:59:15.789Z
7cb982de-55d0-4979-a5d9-8e41d12100a9,Farm,,2020-11-13T23:59:15.789Z
9438f9c5-c6f0-4902-8a19-9f108e46eb79,Farmers Market,,2020-11-13T23:59:15.789Z
bf549676-29b2-4244-be37-d8f1bb3f7ea9,Fast Food,https://world.gowalla.com/tags/fast_food--x128.png,2020-11-13T23:59:15.789Z
821f2216-9c3e-4339-a015-34233f2170fb,Ferry,,2020-11-13T23:59:15.789Z
10044110-319a-4b4e-9abe-1daf61e381d8,Field,https://world.gowalla.com/tags/field--x128.png,2020-11-13T23:59:15.789Z
fc202274-51a4-489b-a7e8-70805df29989,Filipino Restaurant,https://world.gowalla.com/tags/filipino_food--x128.png,2020-11-13T23:59:15.789Z
58926885-a8d2-48df-acd5-45c59b89b8af,Fire Station,https://world.gowalla.com/tags/fire_station--x128.png,2020-11-13T23:59:15.789Z
bbd0b65e-e2f9-475c-955e-543c336f1183,Fishing Hole,https://world.gowalla.com/tags/fishing_hole--x128.png,2020-11-13T23:59:15.789Z
7071ecdd-84bf-45db-a2bc-3aae085afe8c,Fish Market,,2020-11-13T23:59:15.789Z
20257572-fb99-47f4-b293-88cd14ec80dc,Fitness Center,https://world.gowalla.com/tags/fitness_center_--x128.png,2020-11-13T23:59:15.789Z
7d4c26b3-dad8-4df6-8a63-5003d36f2cfd,Food Court,,2020-11-13T23:59:15.789Z
be42dd2e-f1ef-453c-be83-0244aa4d5a58,Food Store,,2020-11-13T23:59:15.789Z
69028b61-685a-45b9-827f-a4f8750adb02,Food Truck,https://world.gowalla.com/tags/food_truck--x128.png,2020-11-13T23:59:15.789Z
d0642503-64eb-4ce1-929e-fea6f3ffee26,Football Stadium,https://world.gowalla.com/tags/football_stadium--x128.png,2020-11-13T23:59:15.789Z
f6156c23-d9ec-42ed-b8bf-16ebf7d13a9c,Forest,https://world.gowalla.com/tags/forest--x128.png,2020-11-13T23:59:15.789Z
e742e91b-ae3c-496b-ba9d-60d3b41ed1c6,Fountain,https://world.gowalla.com/tags/fountain--x128.png,2020-11-13T23:59:15.789Z
f9b4f6f0-e043-4afb-b266-817ae60b647e,Fraternity House,https://world.gowalla.com/tags/fraternity_house--x128.png,2020-11-13T23:59:15.789Z
81a12f7c-f9d7-498f-8bcb-405e892e64eb,French Food,https://world.gowalla.com/tags/french_food--x128.png,2020-11-13T23:59:15.789Z
16b5c583-2f84-4a1b-97f8-75baac389724,Fried Chicken,https://world.gowalla.com/tags/fried_chicken--x128.png,2020-11-13T23:59:15.789Z
d7e07db6-f7e1-418d-b763-4218b207fd69,Furniture,,2020-11-13T23:59:15.789Z
59cd18ec-029a-4a4d-8727-201ab555a71f,Game Store,,2020-11-13T23:59:15.789Z
fc18e3aa-d28d-42dd-ac31-7bbc43ede359,Gas Station,,2020-11-13T23:59:15.789Z
c18b50db-57c0-4f20-af97-ce92cea8ae69,Gastropub,,2020-11-13T23:59:15.789Z
e878d453-d3e9-4cdb-bad3-05cfcbb3c2ca,Gift Shop,,2020-11-13T23:59:15.789Z
4a805bd7-6b29-4796-bb2c-ed36dea76a8b,Gluten-Free,,2020-11-13T23:59:15.789Z
76b1a66f-3610-4d5a-ab71-675bf38044d5,Go Kart Track,https://world.gowalla.com/tags/go_kart_track--x128.png,2020-11-13T23:59:15.789Z
39cc7309-c645-46cd-b8a8-0e29c7bced7e,Golf Course,https://world.gowalla.com/tags/golf_course--x128.png,2020-11-13T23:59:15.789Z
0598d21b-47db-4069-81f8-71a3b3a5d131,Golf Driving Range,,2020-11-13T23:59:15.789Z
7fa9f1fc-9e58-45ab-bc2b-92b00427558f,Government Building,https://world.gowalla.com/tags/government_building--x128.png,2020-11-13T23:59:15.789Z
f553b1bd-c350-4c0e-a5d5-155832ff9841,Greek,https://world.gowalla.com/tags/greek_food--x128.png,2020-11-13T23:59:15.789Z
db707565-5dbd-4ef3-a383-82be33a3933c,Grocery Store,,2020-11-13T23:59:15.789Z
113fe352-347a-460d-aca8-ce41237c1b5b,Gym,https://world.gowalla.com/tags/gym--x128.png,2020-11-13T23:59:15.789Z
42039d76-a1cc-45f0-9d8c-d080f4916eed,Gymnastics Center,,2020-11-13T23:59:15.789Z
2920513d-82ce-4aee-951b-3cfe63dc75ed,Gym Pool,https://world.gowalla.com/tags/gym_pool--x128.png,2020-11-13T23:59:15.789Z
9d5252ae-124b-4e84-9a54-a47ac0f1ef01,Hardware Store,,2020-11-13T23:59:15.789Z
a83d115d-049c-42a5-9559-93e29cf3def5,Health Food Store,,2020-11-13T23:59:15.789Z
87615c65-9572-47b0-a5c0-eeac57528126,Heliport,,2020-11-13T23:59:15.789Z
eda04262-21ea-4b38-a7da-39434d3aa2e7,High School,https://world.gowalla.com/tags/high_school--x128.png,2020-11-13T23:59:15.789Z
4b353e63-ea2e-4f32-b008-a2304ad74ced,Hill,,2020-11-13T23:59:15.789Z
d37eef8f-3829-4cbf-82f1-65ff60d71fe6,Hindu Temple,https://world.gowalla.com/tags/hindu_temple--x128.png,2020-11-13T23:59:15.789Z
e33567f4-d8c1-4a53-b607-32d52464ee8e,History Museum,https://world.gowalla.com/tags/history_museum--x128.png,2020-11-13T23:59:15.789Z
1ef81a08-76e5-4c06-a261-9e4e8a2ffc7d,Hobby Shop,,2020-11-13T23:59:15.789Z
8c3e4882-203f-4a20-9dad-4826bb27ddef,Hockey Arena,https://world.gowalla.com/tags/hockey_arena--x128.png,2020-11-13T23:59:15.789Z
d20fbb6f-7ebb-4186-8e17-2d9363004db1,Hockey Field,https://world.gowalla.com/tags/hockey_field--x128.png,2020-11-13T23:59:15.789Z
f16e2f1f-a46e-4c84-b86b-f94abca9a55c,Hockey Rink,https://world.gowalla.com/tags/hockey_rink--x128.png,2020-11-13T23:59:15.789Z
82c4845a-4625-4ade-9f61-7fd28f26ee06,Home Store,,2020-11-13T23:59:15.789Z
82897a4a-b8c9-43ea-89a5-a6294da1d9cb,Hookah Bar,https://world.gowalla.com/tags/hookah_bar--x128.png,2020-11-13T23:59:15.789Z
8142ca1f-c8f2-45a7-9b90-767c91b6e6c8,Hostel,,2020-11-13T23:59:15.789Z
2821ee67-0b87-470c-9842-a513a83ca6f5,Hot Dogs,https://world.gowalla.com/tags/hot_dogs--x128.png,2020-11-13T23:59:15.789Z
ac82662c-9b22-4484-b383-05f4da961b92,Hotel,,2020-11-13T23:59:15.789Z
cc909c59-5175-416b-8e84-a505f45e77b0,Hotel Bar,,2020-11-13T23:59:15.789Z
931868d6-edee-4636-8741-d8a4a1974fb7,Hotel Pool,,2020-11-13T23:59:15.789Z
4d46e4a4-930f-43f9-a57d-f35e41aa71b5,Hotpot,https://world.gowalla.com/tags/hotpot--x128.png,2020-11-13T23:59:15.789Z
a5a0cb78-44bd-417a-9e36-b1642ee55148,Indian Food,https://world.gowalla.com/tags/indian_food--x128.png,2020-11-13T23:59:15.789Z
6082cadf-9315-4981-b893-d0bafff7f04a,Indonesian Food,https://world.gowalla.com/tags/indonesian_food--x128.png,2020-11-13T23:59:15.789Z
63dfab8c-d0cc-4ab3-aecd-96db0cf6b7dc,Inn,,2020-11-13T23:59:15.789Z
7cb0a75a-dc6b-452a-9b65-233c47087885,Intersection,,2020-11-13T23:59:15.789Z
a829e73c-60c1-424d-ba5e-5423d5e390d5,Iraqi Food,https://world.gowalla.com/tags/iraqi_food--x128.png,2020-11-13T23:59:15.789Z
4f8cfdda-f598-41b6-a1a1-7c6df9de98c3,Irish Pub,https://world.gowalla.com/tags/irish_pub_1--x128.png,2020-11-13T23:59:15.789Z
05145157-3247-40cf-b264-edb32d548704,Island,https://world.gowalla.com/tags/island--x128.png,2020-11-13T23:59:15.789Z
86306935-f72a-4751-98dd-81bbe9b3ef7e,Israeli Food,https://world.gowalla.com/tags/israeli_food--x128.png,2020-11-13T23:59:15.789Z
d3fef9e9-15dc-468e-8c7e-a09b04d7e1d9,Italian Food,https://world.gowalla.com/tags/italian_food--x128.png,2020-11-13T23:59:15.789Z
0bdf5e57-32a8-4412-945c-c0996ddb9910,Japanese Food,https://world.gowalla.com/tags/japanese_food--x128.png,2020-11-13T23:59:15.789Z
78115324-8d43-4934-8d7c-8787a2ba901e,Jewelry Store,,2020-11-13T23:59:15.789Z
f8dfa4b1-de6e-4e9a-a399-b0cc8fef94cc,Jewish Food,https://world.gowalla.com/tags/jewish_food--x128.png,2020-11-13T23:59:15.789Z
e2624cf5-3d14-4cfa-96a2-3ea266795b53,Juice Bar,https://world.gowalla.com/tags/juice_bar--x128.png,2020-11-13T23:59:15.789Z
dd1acfc5-4256-423d-88b0-81d54b999d95,Karaoke,https://world.gowalla.com/tags/karaoke--x128.png,2020-11-13T23:59:15.789Z
942b6e75-90a8-445a-a1b6-d4d55ff125d1,Karaoke Bar,https://world.gowalla.com/tags/karaoke_bar--x128.png,2020-11-13T23:59:15.789Z
98c2cc90-e644-4eb9-b0fb-edecfb896bd8,Kids Store,,2020-11-13T23:59:15.789Z
5574ee7b-bd83-4c02-b4ba-fe833ea9b7d9,Kingdom Hall,https://world.gowalla.com/tags/kingdom_hall--x128.png,2020-11-13T23:59:15.789Z
27617265-029e-4fe4-a37f-cdd901996a74,Korean Food,https://world.gowalla.com/tags/korean_food--x128.png,2020-11-13T23:59:15.789Z
ee828270-44bc-416b-8c09-87c2df576aa8,Lake,https://world.gowalla.com/tags/lake--x128.png,2020-11-13T23:59:15.789Z
c37039fc-8a45-4945-b4e5-916d70112c35,Landmark,https://world.gowalla.com/tags/landmark--x128.png,2020-11-13T23:59:15.789Z
bd3fd489-6025-4f5d-8a33-b1c7163f45e6,Latin American Food,https://world.gowalla.com/tags/latin_american_food--x128.png,2020-11-13T23:59:15.789Z
95fc85ab-10b6-4e02-9888-a013eeae8c30,Lebanese Food,https://world.gowalla.com/tags/lebanese_food--x128.png,2020-11-13T23:59:15.789Z
f2a66fb1-da7e-4bce-a68f-43f0bfc6f5fe,Library,https://world.gowalla.com/tags/library--x128.png,2020-11-13T23:59:15.789Z
bc398e40-69f0-4902-89b7-615105fdda87,Lighthouse,https://world.gowalla.com/tags/lighthouse--x128.png,2020-11-13T23:59:15.789Z
b0f35b25-526f-4852-baa6-3c056f96e6b7,Light Rail Station,,2020-11-13T23:59:15.789Z
36ab83c3-a918-4bab-815d-a8ae97d501b0,Lingerie,,2020-11-13T23:59:15.789Z
083acbaa-955f-4f6d-8eb2-d04c8254b532,Liquor Store,,2020-11-13T23:59:15.789Z
db9430a1-bf2b-4de4-bf47-4ddecf687d4c,Lounge,https://world.gowalla.com/tags/lounge--x128.png,2020-11-13T23:59:15.789Z
d4159a2d-72c8-4460-8fca-1eda5faf8bf4,Marina,https://world.gowalla.com/tags/marina--x128.png,2020-11-13T23:59:15.789Z
5f4062fa-9ea4-4689-9ade-c3982bad3a98,Market,,2020-11-13T23:59:15.789Z
602588ab-53c6-4629-980b-c8e5bd142bfd,Martial Arts Dojo,https://world.gowalla.com/tags/martial_arts_dojo--x128.png,2020-11-13T23:59:15.789Z
f1c37818-728e-4c47-a924-d378db097e9b,Massage Studio,,2020-11-13T23:59:15.789Z
935a9d87-7bce-4d8d-9e10-eaf39b2e8892,Mediterranean Food,https://world.gowalla.com/tags/mediterranean_food--x128.png,2020-11-13T23:59:15.789Z
24217870-7608-43f8-bb7e-ec6d3057326f,Men's Store,,2020-11-13T23:59:15.789Z
f14b1086-8edb-48a0-a973-ccf23ff590cf,Metro Station,,2020-11-13T23:59:15.789Z
64c7122e-fc26-42f9-bfeb-028f2aa7a08e,Mexican Food,https://world.gowalla.com/tags/mexican_food--x128.png,2020-11-13T23:59:15.789Z
028713db-01fd-4bab-83b6-23ca81d0242c,Mezcal Bar,https://world.gowalla.com/tags/mezcal_bar--x128.png,2020-11-13T23:59:15.789Z
3ba507c3-f2fc-4697-9129-42a1e68c1dc9,Middle Eastern Food,https://world.gowalla.com/tags/middle_eastern_food--x128.png,2020-11-13T23:59:15.789Z
a84d9e8d-e55c-4353-8e5e-b95390ae233f,Middle School,,2020-11-13T23:59:15.789Z
0034b5b0-a4c7-4861-aa12-7b95555a0083,Mini Golf,https://world.gowalla.com/tags/mini_golf--x128.png,2020-11-13T23:59:15.789Z
558a6a71-8b3a-4bf0-80c1-0e747fbd1bfc,Mobile Phone Store,,2020-11-13T23:59:15.789Z
5db44295-b440-4782-9319-ab52fb164e73,Molecular Gastronomy,https://world.gowalla.com/tags/molecular_gastronomy--x128.png,2020-11-13T23:59:15.789Z
aefc6175-f029-4eff-abe7-a81c585f5eb5,Monastery,https://world.gowalla.com/tags/monastery--x128.png,2020-11-13T23:59:15.789Z
c7a0c285-6e8f-49f5-b285-a9b646b153b3,Monument,https://world.gowalla.com/tags/monument--x128.png,2020-11-13T23:59:15.789Z
19a8b183-b21d-48aa-9c59-5cc6bb9b8c75,Moroccan Food,,2020-11-13T23:59:15.789Z
cae4d28d-b30c-43a0-bec6-2f5f10ca66a4,Mosque,https://world.gowalla.com/tags/mosque--x128.png,2020-11-13T23:59:15.789Z
b382eca0-bb18-4055-a4f1-68f2373a9ec2,Motel,,2020-11-13T23:59:15.789Z
2cda9dfb-68d2-4b12-951a-d58e3ee3cd06,Mountain,https://world.gowalla.com/tags/mountain--x128.png,2020-11-13T23:59:15.789Z
353eaf2f-7800-4e39-81f2-29585a67790e,Movie Theater,https://world.gowalla.com/tags/movie_theater--x128.png,2020-11-13T23:59:15.789Z
90764797-4672-49db-ae9c-2b53664857ba,Museum,https://world.gowalla.com/tags/museum--x128.png,2020-11-13T23:59:15.789Z
7142d2ef-71d7-4ec6-bfc5-4ec45b5d1e14,Music School,https://world.gowalla.com/tags/music_school--x128.png,2020-11-13T23:59:15.789Z
d18d9b52-308e-4ac3-be81-a2e23939578b,Music Store,,2020-11-13T23:59:15.789Z
8a11b3be-0028-4837-af32-5ac60b80f296,National Park,https://world.gowalla.com/tags/national_park--x128.png,2020-11-13T23:59:15.789Z
7bb2d8b1-7fd2-4acc-aa1a-3946d60937db,Nature Preserve,https://world.gowalla.com/tags/nature_preserve--x128.png,2020-11-13T23:59:15.789Z
784352fb-16e6-4a5d-aa58-88be6fcfd9c8,Neighborhood,https://world.gowalla.com/tags/neighborhood--x128.png,2020-11-13T23:59:15.789Z
a7511706-5868-49c9-8162-a64a81f5a5a2,New American Food,https://world.gowalla.com/tags/american_food--x128.png,2020-11-13T23:59:15.789Z
c9469220-4158-49e8-ab28-ca803bcf3bcc,Nightclub,,2020-11-13T23:59:15.789Z
bd33d129-c25c-4b0b-a09a-8f704d8aa2d6,Noodles,https://world.gowalla.com/tags/noodles--x128.png,2020-11-13T23:59:15.789Z
e044941d-3d80-4921-b1ca-40deb614d537,Office Supplies,,2020-11-13T23:59:15.789Z
4ebb7fa6-b174-4345-a040-9f442b45de5e,Opera House,https://world.gowalla.com/tags/opera_hall--x128.png,2020-11-13T23:59:15.789Z
7d040440-da0d-47fc-8d09-aaa589ea9b36,Orchard,https://world.gowalla.com/tags/orchard--x128.png,2020-11-13T23:59:15.789Z
bfe25fc3-48a1-4686-aa42-f5e69232c514,Outdoor Supply,,2020-11-13T23:59:15.789Z
ebe81496-a761-40f3-ac28-0be81536d7a2,Outlet Mall,,2020-11-13T23:59:15.789Z
8938e255-797e-4ad0-ab2e-1892a3fb4975,Paintball Field,https://world.gowalla.com/tags/paintball_field--x128.png,2020-11-13T23:59:15.789Z
adeccc3b-535d-4df3-aad0-cdf43b1b2b61,Pakistani Food,https://world.gowalla.com/tags/pakistani_food--x128.png,2020-11-13T23:59:15.789Z
c80df091-0fda-417d-b34a-ea7c139e6c0b,Paper Store,,2020-11-13T23:59:15.789Z
9de787da-c89a-460b-94e9-54436466f73e,Park,https://world.gowalla.com/tags/park--x128.png,2020-11-13T23:59:15.789Z
1e02146a-227d-4eac-a4f5-f278220df5a3,Pawn Shop,,2020-11-13T23:59:15.789Z
8287ff7c-3f70-44d1-8892-80da8086058f,Persian Food,https://world.gowalla.com/tags/persian_food--x128.png,2020-11-13T23:59:15.789Z
68e4e9a0-3da9-4af6-8b84-dcbd60e54b93,Peruvian Food,https://world.gowalla.com/tags/peruvian_food--x128.png,2020-11-13T23:59:15.789Z
6d257d20-850a-4199-a9b2-d12854b7d9e8,Pier,,2020-11-13T23:59:15.789Z
9795baee-ae23-4cd1-a8b4-67083ee8428b,Pilates Studio,https://world.gowalla.com/tags/pilates_studio--x128.png,2020-11-13T23:59:15.789Z
762adba9-0a04-48ce-9005-0d2a681de110,Pizza,https://world.gowalla.com/tags/pizza--x128.png,2020-11-13T23:59:15.789Z
5ab8c629-af62-434a-91ac-37ca93fc1e15,Planetarium,,2020-11-13T23:59:15.789Z
e95034c4-e00f-4cb4-9577-053521310bc7,Playground,https://world.gowalla.com/tags/playground--x128.png,2020-11-13T23:59:15.789Z
91a789a5-b02f-4f81-b521-6f82d8343287,Plaza,https://world.gowalla.com/tags/plaza--x128.png,2020-11-13T23:59:15.789Z
9576af09-83c1-459a-95e7-8b3c9d658a56,Poke,https://world.gowalla.com/tags/poke--x128.png,2020-11-13T23:59:15.789Z
edb9a4d7-8cc9-4bfe-810b-926e7b5c122d,Police Station,,2020-11-13T23:59:15.789Z
0cef18c1-04d4-4df0-a4b7-abb6dad9d0dc,Pool Hall,https://world.gowalla.com/tags/pool_hall--x128.png,2020-11-13T23:59:15.789Z
1a871195-596d-484f-8695-1ad0febb4e0a,Port,,2020-11-13T23:59:15.789Z
952b4507-bf2b-40b0-a670-e3de11bba9f2,Post Office,https://world.gowalla.com/tags/post_office--x128.png,2020-11-13T23:59:15.789Z
bc247e9d-d5df-4d8d-871d-39c479c4329c,Poutine,https://world.gowalla.com/tags/poutine--x128.png,2020-11-13T23:59:15.789Z
b45a8ce0-f6f8-451c-ba12-778d861ff3e4,Preschool,https://world.gowalla.com/tags/preschool--x128.png,2020-11-13T23:59:15.789Z
e5902980-3a42-4b39-8988-19d024154151,Print Shop,,2020-11-13T23:59:15.789Z
ee39795e-21dc-4847-99e9-56623bfa0cb3,Pub,https://world.gowalla.com/tags/pub_1--x128.png,2020-11-13T23:59:15.789Z
d7f2ea8a-8ea7-4ec1-870c-fa95e5f8793a,Racetrack,https://world.gowalla.com/tags/racetrack--x128.png,2020-11-13T23:59:15.789Z
5a6fbe15-d115-443a-b77d-4e92ab5cfada,Ramen,https://world.gowalla.com/tags/ramen--x128.png,2020-11-13T23:59:15.789Z
6234b117-1b31-4a36-af5a-999fd4843750,Record Store,,2020-11-13T23:59:15.789Z
039d7220-87ff-4f0d-935a-40df53c62766,Regional Park,https://world.gowalla.com/tags/regional_park--x128.png,2020-11-13T23:59:15.789Z
91fb57ee-0a93-4cc3-b1e9-c208b7ad233d,Rental Car Lot,,2020-11-13T23:59:15.789Z
ac6eb501-1cb8-453f-bdc4-fc30ac661254,Reservoir,https://world.gowalla.com/tags/reservoir--x128.png,2020-11-13T23:59:15.789Z
a567d03d-14b6-44c6-92c2-f8b956b5b3fb,Resort,,2020-11-13T23:59:15.789Z
73638f9d-c277-49a9-83f7-939ad9c78223,Rest Area,,2020-11-13T23:59:15.789Z
efb5bc6f-bcdc-42ae-a0d6-7960949d40c1,Restaurant,,2020-11-13T23:59:15.789Z
983f48e8-641b-404c-844b-324f8f789194,River,https://world.gowalla.com/tags/river--x128.png,2020-11-13T23:59:15.789Z
45c9f085-6141-4662-8db6-ad2a4fbf1d11,Road,,2020-11-13T23:59:15.789Z
e7036290-459b-4030-bd9d-78abe1001065,Roller Rink,https://world.gowalla.com/tags/roller_rink--x128.png,2020-11-13T23:59:15.789Z
120bf62f-6065-4423-b739-bfda985417ac,RV Park,,2020-11-13T23:59:15.789Z
5bb6d6d8-a0d4-4a49-9ecf-1e2db60da272,Salad Shop,https://world.gowalla.com/tags/salad_shop--x128.png,2020-11-13T23:59:15.789Z
aaa2b6d1-1418-4e55-9024-876c449e2817,Sandwich Shop,https://world.gowalla.com/tags/sandwich_shop--x128.png,2020-11-13T23:59:15.789Z
5177ff0e-fd1e-4d93-9af4-c9cb81ab767c,Sardinian Food,https://world.gowalla.com/tags/sardinian_food--x128.png,2020-11-13T23:59:15.789Z
b155287d-4a6b-4a38-b8c9-c4ead908068a,Scenic Lookout,https://world.gowalla.com/tags/scenic_lookout--x128.png,2020-11-13T23:59:15.789Z
a47f5e91-4c46-41ee-bd16-ae2279fc0d2e,School,https://world.gowalla.com/tags/school--x128.png,2020-11-13T23:59:15.789Z
3af8c385-45b1-4a4e-b994-caccd1c35fe9,Science Museum,https://world.gowalla.com/tags/science_museum--x128.png,2020-11-13T23:59:15.789Z
f272cf37-ee1b-4a3a-98e2-17db4970b2a5,Sculpture Garden,https://world.gowalla.com/tags/sculpture_garden--x128.png,2020-11-13T23:59:15.789Z
48341f4f-5143-4974-afe9-764c872f41ec,Seafood,https://world.gowalla.com/tags/seafood--x128.png,2020-11-13T23:59:15.789Z
6059b9c5-34dc-4f7e-b2fa-16ce7f9aa77b,Shawarma,https://world.gowalla.com/tags/shawarma--x128.png,2020-11-13T23:59:15.789Z
3e1ab532-1d47-498a-8781-ada95aacdb91,Shoes,,2020-11-13T23:59:15.789Z
d1996466-8143-42f6-960e-de94992c1786,Shooting Range,https://world.gowalla.com/tags/shooting_range--x128.png,2020-11-13T23:59:15.789Z
e214453f-5bbd-461a-973d-417fa319fee2,Shrine,https://world.gowalla.com/tags/shrine--x128.png,2020-11-13T23:59:15.789Z
4bbb18db-574f-434c-8c3d-360c41a642b8,Sicilian Food,,2020-11-13T23:59:15.789Z
ef08d21d-0d7c-44c8-8ed9-9e1c065c6576,Sikh Temple,https://world.gowalla.com/tags/sikh_temple--x128.png,2020-11-13T23:59:15.789Z
f8b3ce13-f95c-48e3-8db6-fb4f97eb1cf8,Skate Park,https://world.gowalla.com/tags/skate_park--x128.png,2020-11-13T23:59:15.789Z
5e7a35a3-12a7-421d-a121-269a73933bc0,Skate Shop,,2020-11-13T23:59:15.789Z
166ec5d8-4b74-4447-b43f-4f14d75c88f6,Skating Rink,https://world.gowalla.com/tags/skating_rink--x128.png,2020-11-13T23:59:15.789Z
c442fe2a-8815-491d-a42d-75ed43b025ce,Ski Area,https://world.gowalla.com/tags/ski_area--x128.png,2020-11-13T23:59:15.789Z
e4b07c72-d59d-4753-8313-abf4d31e8aff,Ski Chairlift,https://world.gowalla.com/tags/ski_chairlift--x128.png,2020-11-13T23:59:15.789Z
d9eba5b3-d968-4b7e-99a9-b7b8f7717409,Ski Chalet,,2020-11-13T23:59:15.789Z
1f9499d6-3627-4438-bce6-fe80c03f1a45,Ski Lodge,https://world.gowalla.com/tags/ski_lodge--x128.png,2020-11-13T23:59:15.789Z
a65795d4-3b1a-45db-9b6d-b0c65dc446e0,Ski Shop,,2020-11-13T23:59:15.789Z
ba2e5d83-7829-40fc-a8b9-74b49b4b5a21,Ski Trail,https://world.gowalla.com/tags/ski_trail--x128.png,2020-11-13T23:59:15.789Z
c334c866-680c-4bca-a427-730d386b9dd9,Soccer Field,https://world.gowalla.com/tags/soccer_field--x128.png,2020-11-13T23:59:15.789Z
c7ae5671-4575-4874-bb49-0b273258bc93,Soccer Stadium,https://world.gowalla.com/tags/soccer_stadium--x128.png,2020-11-13T23:59:15.789Z
2ba70ff0-f1ea-4ea1-9b4e-9fce51647f25,Sorority House,https://world.gowalla.com/tags/sorority_house--x128.png,2020-11-13T23:59:15.789Z
dbbdcdd1-3a4b-4af9-8c51-820a67a9409e,Soul Food,https://world.gowalla.com/tags/soul_food--x128.png,2020-11-13T23:59:15.789Z
a7d2907c-c239-4eee-866d-227b81911f6f,Soup,https://world.gowalla.com/tags/soup--x128.png,2020-11-13T23:59:15.789Z
483bf4be-9652-4594-89af-ad54f260607f,Spanish Food,https://world.gowalla.com/tags/spanish_food--x128.png,2020-11-13T23:59:15.789Z
aa429965-c85f-4e45-9a86-8fc2317cff67,Speakeasy,https://world.gowalla.com/tags/speakeasy--x128.png,2020-11-13T23:59:15.789Z
ae3a4f5f-04d8-4b75-8675-5bea72073986,Spin Studio,https://world.gowalla.com/tags/spin_studio--x128.png,2020-11-13T23:59:15.789Z
96f1e8a3-2596-45c1-a6bb-ede0efcf233a,Spiritual Center,https://world.gowalla.com/tags/spiritual_center--x128.png,2020-11-13T23:59:15.789Z
472c36b9-57fa-47e4-be9f-06379489664e,Sports,https://world.gowalla.com/tags/sports--x128.png,2020-11-13T23:59:15.789Z
04b87afd-b99b-4ea6-bdcc-2bea2d551bc0,Sports Bar,https://world.gowalla.com/tags/sports_bar--x128.png,2020-11-13T23:59:15.789Z
a784ec76-fb23-449e-bc9e-fb7af2929693,Sports Club,https://world.gowalla.com/tags/sports_club--x128.png,2020-11-13T23:59:15.789Z
e527227c-714e-41c0-839e-39021733646c,Stables,https://world.gowalla.com/tags/stables--x128.png,2020-11-13T23:59:15.789Z
adf90601-cb59-4d65-ba63-f629c1c97538,Stadium,https://world.gowalla.com/tags/stadium--x128.png,2020-11-13T23:59:15.789Z
bf1b0670-bc63-4153-8594-13444f3634df,State,https://world.gowalla.com/tags/state--x128.png,2020-11-13T23:59:15.789Z
481f6f58-ab85-4388-935f-7cbd0efeeb6c,State Park,https://world.gowalla.com/tags/state_park--x128.png,2020-11-13T23:59:15.789Z
3742a248-002f-49b3-a7e9-9c60438e8080,Steakhouse,https://world.gowalla.com/tags/steakhouse_2--x128.png,2020-11-13T23:59:15.789Z
a01a5f4c-63f1-4832-ba4c-ca9b5adf91e2,Subway,,2020-11-13T23:59:15.789Z
f33a07ee-ab1f-406e-b43e-8dfa39a2002b,Supermarket,,2020-11-13T23:59:15.789Z
240eb227-e601-40b6-af62-fef009edc9c1,Surf Beach,https://world.gowalla.com/tags/surf_beach--x128.png,2020-11-13T23:59:15.789Z
ec302532-4e1f-4cda-90b6-d29ef41f65ab,Surf Shop,,2020-11-13T23:59:15.789Z
a1395feb-0c63-45bf-951e-1160b5aae133,Sushi Place,https://world.gowalla.com/tags/sushi_plac--x128.png,2020-11-13T23:59:15.789Z
0ef8b52e-2454-4ea9-a6bc-04e20fc69142,Swim School,,2020-11-13T23:59:15.789Z
0f7f3454-8833-497d-b8a1-c3460a3e1062,Synagogue,,2020-11-13T23:59:15.789Z
690392a7-cb64-47a8-b87a-7801322cffe8,Syrian Food,https://world.gowalla.com/tags/syrian_food--x128.png,2020-11-13T23:59:15.789Z
bd1ac80c-a59f-4750-b75e-7d215b48bb61,Tacos,https://world.gowalla.com/tags/tacos_1--x128.png,2020-11-13T23:59:15.789Z
3a3f01d8-6a4d-4ac4-88b0-cf5189d6d486,Taiwanese Food,https://world.gowalla.com/tags/taiwanese_food--x128.png,2020-11-13T23:59:15.789Z
fb0ab266-eb88-4a87-94d5-0be3d5adda86,Tanning Salon,,2020-11-13T23:59:15.789Z
e3f6759a-7224-473a-b9d9-f23953d967fa,Tattoo Parlor,,2020-11-13T23:59:15.789Z
afd6de2a-a531-4c74-a791-086abb4868de,Tea Room,https://world.gowalla.com/tags/tea_room--x128.png,2020-11-13T23:59:15.789Z
28642acf-be57-4ef5-bff0-36743397dee8,Temple,https://world.gowalla.com/tags/temple--x128.png,2020-11-13T23:59:15.789Z
4d9d9481-6e81-4f3a-adf9-23133503fc03,Tennis Court,https://world.gowalla.com/tags/tennis_court--x128.png,2020-11-13T23:59:15.789Z
de933f11-5156-49b9-93b5-a14e35a8816a,Tennis Stadium,https://world.gowalla.com/tags/tennis_stadium--x128.png,2020-11-13T23:59:15.789Z
dee8ebc7-b4d7-4f97-9640-59fa4885dc90,Tequila Bar,https://world.gowalla.com/tags/tequila_bar--x128.png,2020-11-13T23:59:15.789Z
7acb4362-eaa3-41dc-824a-ebdd97358662,Terrain Park,https://world.gowalla.com/tags/terrain_park--x128.png,2020-11-13T23:59:15.789Z
f44b326e-3753-4028-ab82-4a46deca3c85,Tex-Mex,https://world.gowalla.com/tags/tex_mex--x128.png,2020-11-13T23:59:15.789Z
e106d303-c4b1-4e5b-b76d-0a799a65ca50,Thai Food,https://world.gowalla.com/tags/thai_food--x128.png,2020-11-13T23:59:15.789Z
2d81c678-3a2a-4fc1-8219-e41845545b9e,Theatre,https://world.gowalla.com/tags/theatre--x128.png,2020-11-13T23:59:15.789Z
dd31f5cb-53d8-4c2e-8b33-e71b07daecf7,Theme Park,https://world.gowalla.com/tags/theme_park--x128.png,2020-11-13T23:59:15.789Z
5c7f605c-b701-4e18-b21f-ef2bcf852d64,Thrift Shop,,2020-11-13T23:59:15.789Z
5d03e7f5-9aa7-4fd5-8c23-77b33ec81378,Tibetan Food,https://world.gowalla.com/tags/tibetan_food--x128.png,2020-11-13T23:59:15.789Z
01bbec61-a253-4744-8eb7-100f4cb48728,Tiki Bar,https://world.gowalla.com/tags/tiki_bar_1--x128.png,2020-11-13T23:59:15.789Z
6641f4eb-f010-46b6-819f-f92f07cf9749,Toll Booth,,2020-11-13T23:59:15.789Z
0aa7cd8e-d55e-4688-97dc-5eaa4a089ddc,Tour Guide,,2020-11-13T23:59:15.789Z
63fc1dfc-ec46-44f2-857a-bd24b97967a6,Town,https://world.gowalla.com/tags/town--x128.png,2020-11-13T23:59:15.789Z
caf7fdf8-2b9b-4376-b769-aaf49df28200,Town Hall,https://world.gowalla.com/tags/town_hall--x128.png,2020-11-13T23:59:15.789Z
5aef6bf4-645b-4f2f-82d1-d5860c6ce88c,Toy Store,,2020-11-13T23:59:15.789Z
90f3b539-9766-4cb3-813d-e91800da46bb,Track Stadium,https://world.gowalla.com/tags/track_stadium--x128.png,2020-11-13T23:59:15.789Z
2c7903df-83a5-4d0e-843c-2d474f7ebed5,Trade School,,2020-11-13T23:59:15.789Z
b55b4183-46c3-49ea-89a1-f68dc1a2ec7a,Trail,https://world.gowalla.com/tags/trail--x128.png,2020-11-13T23:59:15.789Z
7583bc5c-ca19-4265-95dd-c38e4b470de8,Train Station,,2020-11-13T23:59:15.789Z
dbeab653-f5e1-481d-83c5-520c3060721d,Tram Station,,2020-11-13T23:59:15.789Z
3256cf74-f3ef-430e-830e-823659a21bdc,Tree,https://world.gowalla.com/tags/tree--x128.png,2020-11-13T23:59:15.789Z
37e379b6-fa2d-4f6e-859b-0816d4ff1918,Arena,,2020-12-09T23:56:59.216Z
f471496f-0795-48c3-a3f3-a4b241e57544,Ice Cream,,2020-12-10T00:01:04.577Z
f8298287-85de-4993-8bef-e1b8a6c7dc39,Frozen Yogurt,,2020-12-10T00:01:28.642Z
945d44e9-ac2f-4610-90a7-c8b75dfb76e3,Craft Beer,https://world.gowalla.com/tags/pub_1--x128.png,2020-12-25T00:44:26.372Z
b761c9ba-371b-4ee8-b8df-3ca66ad9c534,Labyrinth,,2021-01-07T19:06:25.044Z
8c5578c6-eb6c-4620-968f-11e2f89a619a,Snowboard Shop,,2021-01-07T19:18:13.582Z
a774a727-2632-42c6-882f-dd3e5f529d82,Pasta,,2021-01-07T19:24:16.390Z
5a11acb0-ac5c-4641-8116-fcb02208a8ae,Waffles,,2021-01-07T19:46:40.540Z
374eecb1-e17d-426c-9f72-45cfeb3843f9,Sneaker Shop,,2021-01-08T00:53:48.023Z
0887d20e-f06a-45c1-bb34-664987de2bd4,Streetwear,,2021-01-08T00:54:48.371Z
82d41087-df35-4657-a191-530d1cebe8cf,Gondola,,2021-01-10T04:49:58.531Z
4f58be35-d11c-4e22-b810-ceeed52d1735,Street Art,,2021-01-12T00:00:37.025Z
4ea604d8-7208-477c-86f6-bcc24879db71,Grove,https://world.gowalla.com/tags/forest--x128.png,2021-01-13T06:02:32.554Z
dd9c725c-fdf4-453a-832b-5d6bc43c0f7f,Sculpture,https://world.gowalla.com/tags/sculpture_garden--x128.png,2021-01-13T06:11:47.505Z
0e12af91-6220-49f3-b948-fa60740e1503,Garden,,2021-01-15T05:56:36.030Z
31dc27a0-cfcc-4e42-b362-6f71b9446086,Consignment Store,,2021-01-16T01:03:40.595Z
f626b949-10d0-473f-a714-e7912aa0b020,Yarn Store,,2021-01-16T20:28:59.803Z
b332e4ff-5e14-48f8-b115-ae00f6e88881,Spa,,2021-01-16T20:29:15.416Z
2bcf4152-c28d-47a5-b089-1ed4e58d61e5,Flower Shop,,2021-01-16T20:39:28.630Z
73707a83-7dad-4c7a-85a9-fda4efe608f6,Concert Hall,,2021-01-17T02:38:09.398Z
bb72000f-2901-4c73-8f48-19f8d3df4102,Antiques,,2021-01-17T02:39:04.531Z
21ad3ad0-d99e-416c-b788-bea5d53d73ab,Hospital,,2021-01-17T06:27:41.388Z
03728729-9a6d-46e5-a43f-0779aa36b516,Winery,,2021-01-17T06:29:53.181Z
